<?xml version="1.0" encoding="utf-8"?>
<TextureAtlas imagePath="zombie wade.png">
	<!-- Created using the Spritesheet and XML generator -->
	<!-- https://uncertainprod.github.io/FNF-Spritesheet-XML-generator-Web -->
	<SubTexture name="idle0000" x="0" y="280" width="85" height="139" frameX="-247" frameY="-241" frameWidth="1280" frameHeight="720"/>
	<SubTexture name="idle0001" x="89" y="140" width="87" height="140" frameX="-246" frameY="-240" frameWidth="1280" frameHeight="720"/>
	<SubTexture name="idle0002" x="91" y="0" width="89" height="140" frameX="-245" frameY="-240" frameWidth="1280" frameHeight="720"/>
	<SubTexture name="idle0003" x="269" y="0" width="89" height="140" frameX="-245" frameY="-240" frameWidth="1280" frameHeight="720"/>
	<SubTexture name="idle0004" x="0" y="0" width="91" height="140" frameX="-244" frameY="-240" frameWidth="1280" frameHeight="720"/>
	<SubTexture name="idle0005" x="0" y="140" width="89" height="140" frameX="-245" frameY="-240" frameWidth="1280" frameHeight="720"/>
	<SubTexture name="idle0006" x="180" y="0" width="89" height="140" frameX="-245" frameY="-240" frameWidth="1280" frameHeight="720"/>
	<SubTexture name="idle0007" x="176" y="140" width="87" height="140" frameX="-246" frameY="-240" frameWidth="1280" frameHeight="720"/>
	<SubTexture name="idle0008" x="358" y="141" width="86" height="139" frameX="-247" frameY="-241" frameWidth="1280" frameHeight="720"/>
	<SubTexture name="idle0009" x="263" y="140" width="85" height="139" frameX="-247" frameY="-241" frameWidth="1280" frameHeight="720"/>
	<SubTexture name="idle0010" x="528" y="140" width="83" height="139" frameX="-248" frameY="-241" frameWidth="1280" frameHeight="720"/>
	<SubTexture name="idle0011" x="0" y="419" width="82" height="140" frameX="-249" frameY="-240" frameWidth="1280" frameHeight="720"/>
	<SubTexture name="idle0012" x="444" y="140" width="84" height="140" frameX="-248" frameY="-240" frameWidth="1280" frameHeight="720"/>
	<SubTexture name="idle0013" x="444" y="0" width="84" height="140" frameX="-248" frameY="-240" frameWidth="1280" frameHeight="720"/>
	<SubTexture name="idle0014" x="358" y="0" width="86" height="141" frameX="-247" frameY="-239" frameWidth="1280" frameHeight="720"/>
	<SubTexture name="idle0015" x="528" y="0" width="84" height="140" frameX="-248" frameY="-240" frameWidth="1280" frameHeight="720"/>
	<SubTexture name="idle0016" x="444" y="280" width="82" height="139" frameX="-249" frameY="-241" frameWidth="1280" frameHeight="720"/>
	<SubTexture name="idle0017" x="528" y="279" width="83" height="139" frameX="-248" frameY="-241" frameWidth="1280" frameHeight="720"/>
</TextureAtlas>